{
  "project_info": {
    "project_number": "296224193401",
    "project_id": "testc-85eab",
    "storage_bucket": "testc-85eab.appspot.com"
  },
  "client": [
    {
      "client_info": {
        "mobilesdk_app_id": "1:296224193401:android:c7a58714fea2dd27ca4da8",
        "android_client_info": {
          "package_name": "com.example.testc"
        }
      },
      "oauth_client": [
        {
          "client_id": "296224193401-d8gmghra9ndsucjngeri3gmuck7hj50k.apps.googleusercontent.com",
          "client_type": 3
        }
      ],
      "api_key": [
        {
          "current_key": "AIzaSyAajWOoOyHMXmgJBr_bjKEwvqEFXV4Mirc"
        }
      ],
      "services": {
        "appinvite_service": {
          "other_platform_oauth_client": [
            {
              "client_id": "296224193401-d8gmghra9ndsucjngeri3gmuck7hj50k.apps.googleusercontent.com",
              "client_type": 3
            }
          ]
        }
      }
    }
  ],
  "configuration_version": "1"
}